<?xml version="1.0" encoding="UTF-8"?>
<project-private xmlns="http://www.netbeans.org/ns/project-private/1">
    <editor-bookmarks xmlns="http://www.netbeans.org/ns/editor-bookmarks/2" lastBookmarkId="0"/>
    <open-files xmlns="http://www.netbeans.org/ns/projectui-open-files/2">
        <group>
            <file>file:/C:/Users/warre/OneDrive/Desktop/CMPR113/113Project/src/pkg113project/LoginApp.java</file>
            <file>file:/C:/Users/warre/OneDrive/Desktop/CMPR113/113Project/src/pkg113project/GUIChoice.java</file>
            <file>file:/C:/Users/warre/OneDrive/Desktop/CMPR113/113Project/src/pkg113project/Main.java</file>
            <file>file:/C:/Users/warre/OneDrive/Desktop/CMPR113/113Project/src/pkg113project/StudentDirectory.java</file>
        </group>
    </open-files>
</project-private>
